Cultivar Name,Female Parent,Male Parent,Breeder,Year
aafje,kewensis,caerulea constance eliott,k. oldegarm,?
abigail,amethystina var. bolosii,loefgrenii corupa,john vanderplank,2007
adelheid,rubra,citrina,sebastien wolter,2009
adoroso,incarnata alba,kermesina,henk wouters,2007
adularia,sanguinolenta,citrina,john vanderplank,1994
agi,incarnata,caerulea,?,?
aida,decaisneana,aff. oerstedii,leopold sevcik,1998
alabama,selection of incarnata,?,?,?
albarosa,princeps,tucumanensis,maurizio vecchia,?
albert,coriacea,megacoriacea,rosali ziller,2009
albiflora,selection of foetida,?,?,?
albina,(princeps x incarnata),aff. oerstedii,leopold sevcik,1996
alejandra,incarnata alba,incense,antonia gil,2015
alena,incarnata,caerulea constance eliott,?,?
alexandre d-j,pura vida 1,lilac sunset,sebastien sabureau,2014
alexia,gritensis,kermesina,henk wouters,2005
alfie,?,?,?,?
alice,selection of edulis,?,?,?
alice gossiaux,inspiration,soi fah,yvan vilain,2021
alisus betica,selection of caerulea,pepa fernandez,?,?
allegra,incarnata,cincinnata (dark pollen),maurizio vecchia,?
allspice,incarnata (?),cincinnata (?),?,?
alva,palmeri var. sublanceolata,foetida var. foetida,margarete m. souza,2008
alwin berger,white wedding,loefgrenii iporanga,lutz schmalfuss / volker lorenz,2011
alyssa,((jutta x incarnata) x incarnata),incarnata,josh krupnick,2014
alzire,amethyst,amethystina,axel frank / franz dülli,2009
amalia,blue star,amethystina são sebastião,henk wouters,2004
amanda joy,mary jane,?,ronald boender,2007
amberg 96,princeps,caerulea,?,?
ametcaer,amethystina,caerulea,0,2003
amethyst,?,?,?,?
amethyst beauty,princeps,caerulea,?,?
amethyst star,probably synonym for amethyst,?,?,?
amy,selection of trifasciata,?,patrick worley,1984
anastasia,gritensis,caerulea constance eliott,joos brander,2000
andrea,(decaisneana x aff. oerstedii),caerulea constance eliott,leopold sevcik,1996
andromeda,violacea,caerulea,Eric Wortman / Crystal Stone,2015
andy,amethyst,caerulea,guido van herck,?
anemona,actinia,caerulea constance eliott,cor laurens,?
angela,violacea,caerulea constance eliott,leopold sevcik,1996
angelface,kermesina,eichleriana,henk wouters,2007
angel lito,gibertii,caerulea,delfin santiago,2019
angelo blu,amethyst,subpeltata,maurizio vecchia,1999
angel of sierre,alata,caerulea constance eliott,raoul vranken,2015
angel rebelle,vitifolia,caerulea avalanche,stephane fehr,2017
aninha,palmeri var. sublanceolata,foetida var. foetida,margarete m. souza,2008
anke,incarnata,amethystina,stefan lang,2005
anna,decaisneana,tucumanensis,leopold sevcik,1993
anna christine,violacea,caerulea,fraser wescott,?
anna-flora,pink passion,caerulea avalanche,sebastien sabureau,2014
annette,kewensis,princeps,axel frank,2000
anni dierckx,annette,caerulea pierre pomie,raoul & patrizia vranken-smeets,2009
annika,pura vida,garckei,?,?
araba fenice,?,?,Stefania Mattuzzio,2015
arabesque,aurora,sublanceolata,maurizio vecchia,2010
aracne,tucumanensis,rosacea,maurizio vecchia,?
aragorn,kermesina,oerstedii var. choconiana,roland fischer,?
arapuni,loefgrenii corupa,purple haze,?,2005
arc-en-ciel,princeps,caerulea,?,?
argenta,amethyst,subpeltata,maurizio vecchia,2001
argentina,?,?,?,selection of caerulea
ariane,gritensis,loefgrenii iporanga,henk wouters,2007
aruska,loefgrenii corupa,simpin,2005,?
asmara,incarnata,loefgrenii corupa,2005,?
asterix,barbora,caerulea constance eliott,maurizio vecchia,1999
atropos,amethyst,amethystina minas gerais,crystal stone / eric wortman,2011
atrorubens,princeps,caerulea,monika gottschalk,1999
aurora,foetida,palmeri var. sublanceolata,maurizio vecchia,?
auroras crimson star,miniata,incarnata,dawn bethea,2023
aubergine,decaisneana,trialata,ronald boender,?
australian purple,selection of edulis,?,?,?
avalanche,selection of caerulea constance eliott,0,cor laurens,2002
azul celeste,sweet surrender,caerulea,henk wouters,2009
bahama mama,colet,amethystina,stefan lang,2007
bahia,selection of cincinnata,?,?,?
bailando,?,?,henk wouters,2015
bailey jane,arida,foetida var. foetida,nick lambert,2014
balam,coriacea,xiikzodz,john macdougal,1996
banana poka,syn.: tripartita var. mollissima,?,?,?
banna sky,jolly jack,caerulea,fuchuan wu,2021
banshee,byron beauty,byron beauty,stefan lang,2004
bärbel heidepriem,carla viola,amethystina minas gerais,ernst natt,2014
barborea,amethyst,caerulea constance eliott,maurizio vecchia,?
barbora,lavender lady,?,leopold sevcik,1996
basing park hybrid,george nicholson,1901,?,?
beaky,violacea victoria,caerulea,c. beardshaw,?
beauty,?,?,?,?
beauty of hannover,white mirror,clear sky,nisa knust,2015
becky speed,cobanensis,citrina,martin wills,2004
bella,gardneri,gibertii,margarete m. souza,2010
berkeley,subpeltata,?,?,2008
bessy,amethyst,caerulea,leopold sevcik,1992
betsie greijmans,henk wouters,?,?,?
betty myles young,clear sky,loefgrenii iporanga,myles irvine,2005
betty torrent,valentine,incarnata rose,sebastien sabureau,2014
beyond purple,(incarnata gator bride x cincinnata),(inspiration x inspiration),robert dostal,2023
biancaneve,clara luna,caerulea avalanche,maurizio vecchia,?
bijou,?,?,?,?
black beauty,selection of edulis,patrick worley,1983,?
black knight,selection of edulis,patrick worley,1993,?
blanca / blanka,caerulea constance eliott,(lavender lady caerulea),?,?
blaumilch,garckei,caerulea constance eliott,?,?
blaupunkt,blaumilch,amethystina,axel frank / franz dülli,?
blowback,exoniensis,umbilicata,henk wouters / david potter,2007
blue bouquet,caerulea,lavender lady,richard mccain,1989
blue bird,incarnata,tucumanensis,john vanderplank,2000
blue boy,incarnata,caerulea,?,?
blue bride,incarnata alba,loefgrenii iporanga,henk wouters,2005
blue byte,?,?,?,?
blue carnival,cincinnata,caerulea constance eliott,monika gottschalk,?
blue circle,violacea,loefgrenii corupa,marian oldenbuerger / artur müller,2011
blue comet,sidifolia,loefgrenii,Carlos Rendon / Carlos Ibarra,2015
blue crown,syn.: caerulea,?,?,?
blue desire,tucumanensis,menispermifolia,ulmers,2001
blue fairy,fata confetto,caerulea,lukacsne sarvari,2017
blue for you,incarnata,?,stefan lang,2007
blue haze,steve szost,?,?,?
blue horizon,?,?,patrick worley,?
blue lagoon,byron beauty,temptation,raoul vranken,2015
blue moon,syn.: macrocarpa,?,?,?
blue splash,colet,aff. crassifolia,stefan lang,2004
blue star,amethyst,subpeltata,van der steeg,?
blue stripper,incarnata,umbilicata,henk wouters,2007
blue surprise,caerulea,loefgrenii iporanga,francois thuys,2004
blue velvet,selection of incense,?,roland fischer,?
blue wave,amethyst,caerulea,Stefania Mattuzzio,2015
bluetegeist,incarnata,jutta,david costen,2008
bobby,sidifolia,?,Shawn Mattison,2015
bodea,?,?,?,?
bolivia,selection of menispermifolia,?,?,?
bonita,princeps,tucumanensis,?,?
boomerang,cuneata miguel molinari,amalocarpa,antony wren,2004
boreal,(decaisneana x caerulea),caerulea yanpas,samuel ruiz aranda,2017
bostand,boenderi,standleyi,nadine van rueschen,2017
bountiful beauty,selection of edulis,?,?,?
bounty,menispermifolia bolivia,hastifolia,bettina ulmer,?
bowker,selection of vitifolia,?,?,?
bramble jam,rosacea,smithii,aleksey miroshnichenko,2022
brazil / brazilie,selection of alata,?,?,?
brazilian gold,selection of edulis f. flavicarpa,?,?,?
briedeliana,?,?,?,?
bright eyes,angelo blu,kermesina,henk wouters,2005
brökwagter,amethyst,caerulea,henk wouters,?
brs estrela do cerrado,coccinea,setacea,„embrapa“ - plant breeders rights,2008
brs roseflora,brs estrela do cerrado,setacea,„embrapa“ - plant breeders rights,2008
brs rubiflora,brs estrela do cerrado,coccinea,„embrapa“ - plant breeders rights,2008
buckfordii,?,?,?,?
butterscotch,selection of capsularis,?,?,?
buzios,selection of princeps,?,?,?
byron beauty,edulis,incarnata,j.r. knight,1995
byte,byron beauty,inspiration,roland fischer,?
byte red fruit,?,?,?,?
cacita,citrina,adularia,silvan kamstra,?
caerulietta,caerulea,miersii,salvatore la delfa,2020
california,selection of manicata,?,?,?
calimero,star of surbiton,kermesina,bettina ulmer,?
calipso,colvillii,kermesina,maurizio vecchia,2010
camelot,semiciliosa,populifolia,rob mcphail,2022
campbellii,invalid,?,?,?
cannelle,coccinea or miniata,incarnata,j. segalen,2005
cantonspark,selection of manicata,?,?,?
caperucina bermeja,luzmarina,antioquiensis,carlos ibarra,?
caponii,triploid version of allardii,?,?,?
cappuccetto rosso,cuprea,murucuja,maurizio vecchia,2021
caprice,kermesina,tucumanensis,maurizio vecchia,2010
capsang,capsularis,sanguinolenta,alwin kamstra,?
caravaglia,selection of alata,?,?,?
cardinal,?,?,igor lyannoy,?
cardinalis,?,?,?,?
cardoso moreira,selection of amethystina,?,?,?
cardozo,panda,loefgrenii iporanga,shawn mattison,2014
carioca,selection of princeps,david costen,2006,?
carla viola,tarapotina,amethystina minas gerais,ernst natt,2011
carnevale di venezia,edmundoi,hastifolia,maurizio vecchia,2015
carnival,princeps,incarnata,craig daniel,?
carolina,sanguinolenta,capsularis,g. brusa,1996
cary,cincinnata,umbilicata,hendrik j. gommer,?
cassiopeia,(loefgrenii x caerulea),caerulea constance eliott,Eric Wortman / Crystal Stone,?
castro street,exoniensis,parritae,carlos ibarra,?
catherine howard,cincinnata,caerulea,rick mccain,1984
cecilie,(caerulea x aff. oerstedii),aff. oerstedii,leopold sevcik,1996
celia costen,violacea,caerulea constance eliott,david costen,1995
celine,pink nightmare,caerulea,volker lorenz / stefan rhyner,2004
chambord,sprucei,kermesina,ron boender,?
charlotte corday,selection of caerulea,?,?,?
chave,violacea,caerulea,maite chico padron,2007
cherries jubilee,(mixta x manicata),tripartita var. molissima,richard mccain,1992
cherry tart,cuprea,(yucatanensis x biflora),jim nevers,?
chianti,gritensis,?,roland fischer,?
chilean dreams,?,?,jana heym,?
china blue,selection of caerulea,?,?,?
chinensis,selection of caerulea,?,?,?
chiquito,morning star,gritensis,henk wouters,2009
christine murray,caerulea,decaisneana,martin murray,2005
cielo azul,(loefgrenii x caerulea),caerulea,jana heym,?
clara,incarnata,caerulea,maurizio vecchia,?
clara luna,caerulea constance eliott,eichleriana,maurizio vecchia,2007
claudia,kewensis,caerulea constance eliott,k. oldegarm,?
clear sky,((amethystina x caerulea) x caerulea),caerulea,roland fischer,?
cleweriana,masters,1877,?,?
cloudy,sweet surrender,caerulea,henk wouters,2009
clowesii / clowesiana,van houtte,?,?,?
coocoochee,(amethyst x princeps),gritensis,roland fischer,?
coelestina,?,?,?,?
cold blue,amethyst,caerulea,guido van herck,?
colet,princeps,tucumanensis,leopold sevcik,1999
collien,celine,(violet selection x caerulea constance eliott),nadine van rüschen,2020
colombina,kermesina,eichleriana,maurizio vecchia,?
columbus,phoenicea,amethystina,maurizio vecchia,2000
common pruple,selection of edulis,?,?,?
comte de kisseleff,?,?,?,?
comte de kuscheleff,?,?,?,?
comte de nesselrode,?,?,?,?
comte woronzoff,selection of raddiana,?,?,?
comtesse anna,?,?,?,?
comtesse giuglini,1876,?,?,?
concordia,selection of caerulea,christian feuillet,1991,?
connor cailean,loefgrenii corupa,caerulea,robert mcphail,2008
constance eliott,selection of caerulea,masters,1884,?
contento,gritensis,amethystina,henk wouters,2007
cooloola blue,subpeltata,edulis lacey,robert dostal,2021
coral flowers,?,?,?,?
coral glow,(tripartita var. mollissima x manicata),jamesonii (?),patrick worley,1983
coral sea,manicata,(tripartita var. mollissima x jamesonii)  (?),patrick worley,1983
cordelia,vitifolia,coccinea,r.j. knight,1993
coronata,alata,edulis f. edulis (?),sally pert / juan andres cantero mellado,2006
corry rooymans,rosa stern,alata,henk wouters,2003
corumba de goias,selection of amethystina,?,?,?
corupa,selection of loefgrenii,?,?,?
cotton candy,luzmarina,?,shawn mattison,?
count nesselrode,?,?,?,?
countesse gigliucci,?,?,?,?
crackerjack,selection of edulis,?,?,?
creamy,amethyst,caerulea,guido van herck,?
crimson tears,((amethyst x princeps) x gritensis),amethystina,roland fischer,2002
crown princess,cuprea,bicornis,jim nevers,2015
cupids blush,kew gardens,violacea,david costen,2005
curiosa,suberosa,coriacea,silvan kamstra,?
curly,phoenicea,amethystina,emmett brown,?
cute and cozy,yucatanensis,miguelliana,nisa knust,?
cutie,kew gardens,caerulea constance eliott,david costen,?
dafne,edmundoi,kermesina,maurizio vecchia,2010
dakota ransom,amethyst,caerulea,sally ransom,2001
dalal,amethystina,thuraia,maurizio vecchia,2007
damsel's delight,syn.: silly cow,?,myles irvine,?
dani,amethyst,caerulea,christopher taube,2018
daniela,(tucumanensis x princeps),caerulea,leopold sevcik,1996
danièle sabureau,murac,tarapotina,sebastien sabureau,2014
danza delle ore,edmundoi,caerulea,maurizio vecchia,?
darina,incarnata,?,?,?
dark purple,selection of incarnata,?,?,?
dark romance,?,?,?,?
dark star,edulis f. flavicarpa,caerulea,frank moser,?
daylight,incarnata,?,?,?
deanna,manicata,?,?,?
debbie marie hescott,jane t,citrina,martin wills,2016
debby,caerulea,gibertii,leopold sevcik,1999
decaisneana,alata,quadrangularis,planchon,1853
dedorina,violacea,caerulea,silvan kamstra,?
deidamata,white wedding,byron beauty,koos scheurwater,?
dejà vu,kermesina,caerulea constance eliott,roland fischer,2005
delicate dancer,oerstedii,caerulea,rick mccain,1988
denisa,incarnata,(tucumanensis x princeps),leopold sevcik,1996
diamantina,guglielmo betto,subpeltata,maurizio vecchia,?
diana,gibertii,subpeltata,?,?
diane king,violacea victoria,loefgrenii corupa,les king,2005
diego,amethyst,caerulea,martine sanchez,2014
diva,cupids blush,p. caerulea,david costen,2015
divertido,(tripartita var. mollissima x mixta),luzmarina,henk wouters,2007
doktor wittmack,loudonii,princeps,haage & schmidt,1883
dominic,adularia,?,?,?
dominik,citrina,?,?,?
donna brigham,?,?,patrick worley,?
doris,incarnata,?,?,?
doubravka,princeps,aff. oerstedii,leopold sevcik,?
drahomira,cincinnata,aff. oerstedii,leopold sevcik,?
dreamcatcher,organensis,amalocarpa,jim nevers,?
eclipse,violacea,caerulea,fraser wescott,?
ecuador lace,selection of edulis,?,?,?
eden,amethyst,caerulea,hilliers nurseries,2002
edgehill,selection of edulis,?,?,?
edita,biflora,sunburst,leopold sevcik,1996
edoardo vagli,fata confetto,caerulea,franco vagli,2021
edyta,annette,princeps,sebastien sabureau,2014
ek1,syn.: dedorina,?,?,?
ek2,violacea victoria,caerulea,silvan kamstra,?
elagans,invalid,?,?,?
elegante,kermesina,mucronata,henk wouters,2009
el indio,selection of trifasciata,michael schwerdtfeger,?,?
elice,edmundoi,la morellina,nadine van rüschen,2020
eloper,luzmarina,loefgrenii iporanga,carlos rendon,?
el oro,selection of punctata,michael schwerdtfeger,?,?
el tambo,klaas kingma,?,?,?
elizabeth,phoenicea,incarnata,patrick worley,1993
els,trisecta,mixta,henk wouters,2002
ely,caerulea,amethyst,henk wouters,?
embressa,?,?,?,?
emil kugler,selection of caerulea,roland fischer,2000,?
emily,?,?,francois thuys,?
emina,?,?,k. delic,?
emma,?,?,john vanderplank,?
encantado,?,?,eric wortman / crystal stone,?
energie,?,?,stafania mattiuzzo,?
enigma,decaisneana,alata,john vanderplank,1996
erik / eric,decaisneana,caerulea,van der steeg,?
eric peter,violetta,amethystina minas gerais,jim nevers,?
erl,blue-eyed susan,blue bouquet,kyle rahrig,2014
escobar,selection of manicata,?,?,?
èspero,incarnata alba,actinia,maurizio vecchia,?
esplendor,princeps,tarapotina,francois thuys,?
essenza,(temptation x temptation),inspiration,stefania mattiuzzo,?
etna,asterix,loefgrenii iporanga,maurizio vecchia,?
etoile blanche,star of mikan,subpeltata,van der steeg,?
eugenie,syn.: imperatrice eugenia,?,?,?
evatoria,decaisneana,caerulea constance eliott,cor laurens,1992
evelina,incarnata,byron beauty,?,?
evelyne,decaisneana,caerulea,van der steeg,?
evergreen,?,?,?,?
everywhere,amethystina,sprucei,john vanderplank,2001
excel,edulis,caerulea,les king,2000
ex menton,?,?,?,?
exoniensis,?,?,?,?
eye of the storm,morning star,gritensis,henk wouters,2005
eyleen,tucumanensis,princeps,leopold sevcik,?
eynsford gem,caerulea,princeps,?,?
fairchild,syn.: vitifolia,?,?,?
fantasia,amethystina minas gerais,subpeltata,jana heym,?
fantasma,exoniensis,umbilicata,henk wouters,2009
fata aurora,sport of fata confetto,?,maurizio vecchia,?
fata cerulea,fata confetto,caerulea constance eliott,maurizio vecchia,?
fata chiara,fata confetto,?,maurizio vecchia,?
fata confetto,guglielmo betto,incarnata,maurizio vecchia,2007
fata cristallo,sport of fata confetto,maurizio vecchia,?,?
fata del mare,fata confetto,edmundoi,maurizio vecchia,?
fata mistero,fata confetto,?,maurizio vecchia,?
fata morgana,fata confetto,sprucei,maurizio vecchia,?
fata nivea,fata confetto,tucumanensis,maurizio vecchia,?
fata perduta,fata confetto,edmundoi,maurizio vecchia,?
fata selvaggia,fata confetto,blue velvet,maurizio vecchia,?
fata serena,fata confetto,incarnata,maurizio vecchia,?
fata violetta,fata confetto,edmundoi (pink),maurizio vecchia,?
fata zaffiro,fata confetto,cincinnata,maurizio vecchia,?
father damian,incarnata,white star,raoul & patrizia vranken-smeets,2011
fertility,incarnata,cincinnata,roland fischer,?
fiametta,asterix,sprucei,maurizio vecchia,?
first love,kermesina,oerstedii,henk wouters,2005
fixstern,amethyst,caerulea constance eliott,monika gottschalk,1991
fledermouse,biflora,perfoliata,patrick worley,1984
flirtation,gritensis,loefgrenii corupa,john vanderplank,2007
floral fountain,phoenicea,actinia,rick mccain,1989
flora sabureau 1,kew gardens,princeps buzios,sebastien sabureau,2014
flora sabureau 2,kew gardens,princeps buzios,sebastien sabureau,2014
flora sabureau 3,kew gardens,princeps buzios,sebastien sabureau,2014
flora sabureau 4,kew gardens,princeps buzios,sebastien sabureau,2014
flora sabureau 5,kew gardens,princeps buzios,sebastien sabureau,2014
florida,selection of edulis,klaas kingma,?,?
flottbekstern,?,?,?,?
flying v,pendulifolia,perfoliata,myles irvine,2001
fourth of july,violacea,kermesina,henk wouters,2005
fragrance,selection of caerulea,?,?,?
fragrans,selection of alata,?,?,?
fragrant beauty,?,?,?,?
francesco iii° deste,clear sky,amethystina santa tereza,maurizio vecchia,
franka,creamy,aff. oerstedii,leopold sevcik,1996
freckle face,princeps,cincinnata,rick mccain,1990
fredrick,edulis brazilian gold,edulis kahuna,patrick worley,1993
frits,princeps,caerulea,?,?
frizzle king,selection of cincinnata,cor laurens,2000,?
frizzle queen,selection of cincinnata,cor laurens,2000,?
frosty,selection of edulis,?,?,?
fructifera,selection of caerulea,?,?,?
gabriela,gardneri,gibertii,margarete m. souza,2010
gaia,kew gardens,menispermifolia,maurizio vecchia,2007
gail,?,?,jim nevers,?
gala,selection of caerulea,axel frank,2004,?
galaxy,princeps,cincinnata,rick mccain,1990
galea,selection of edulis,?,?,?
galina,cincinnata,incarnata,leopold sevcik,?
garayaglia,natural hybrid between alata and quadrangularis,chris howell,?,?
gert huiting,fata confetto,caerulea,ladislav cavis,2022
gian,incarnata,celine,mathias tobler / stefan rhyner,2007
giftzwerg,citrina,conzattiana,martin wettges,?
gillian wren,selection of caerulea,gillian wren,2002,?
guilietta,incarnata,edmundoi,maurizio vecchia,?
gizmo,foetida,palmeri,j. segalen,?
glacier,fata confetto,byron beauty,graeme boocock,2021
globe,selection of edulis,?,?,?
gloria moreno,mixta,manicata,patrick worley,?
gocce di cielo,violacea victoria,caerulea,stefania mattiuzzo,2017
gold star / golden star,selection of edulis,emil kugler,?,?
golden gate / san francisco,selection of mixta,?,?,?
golden giant,selection of edulis,?,?,?
golden glow,manicata,pinnatistipula,patrick worley,1996
golden jubilee,capsularis,citrina,martin wills,2004
golden nugget,selection of edulis,?,?,?
golden star,selection of edulis,emil kugler,?,?
gote rosse,trisecta,manicata,engelo ciacciulli,2020
gontieri,?,?,?,?
grace ann,peter lawrence,cincinnata,ronald boender,2007
grand duchess,gritensis,loefgrenii iporanga,henk wouters,2005
grandiflora,invalid name,selection of caerulea,?,?
grandioso,insignis,pinnatistipula,henk wouters,2007
gratia,princeps,cincinnata,harry reimann,1997
green lace,edulis black knight,cincinnata,patrick worley,1995
green tiger,edulis,incarnata,ethan nielsen,?
guglielmo betto,maurizio vecchia,?,?,?
hana,caerulea constance eliott,shirley,leopold sevcik,?
hardy red,invalid name,incarnata,princeps,guido van herck
harlekin,mooreana,amethystina,volker lorenz,2004
harmonie daybreak,arida,palmeri var. sublanceolata,ethan nielsen,2007
hartmuts blue violett,probably synonym for amethyst,?,?,?
hartwissiana,selection of caerulea (white),?,?,?
hawaiian yellow,selection of edulis,?,?,?
HDfK1,harmonie daybreak,foetida kevin,eric wortman / chrystal stone,?
HDfL2,harmonie daybreak,foetida linda,eric wortman / chrystal stone,?
heavenly blue,purple rain,caerulea,cor laurens,2001
helena,tucumanensis,aff. oerstedii,leopold sevcik,1993
hematite,sanguinolenta,capsularis,john vanderplank,1989
herman paraguay,selection of cincinnata,?,?,?
hermin,caerulea,decaisneana,van der steeg,?
hertensprong,?,?,?,?
hetty nicolas,antioquiensis,manicata,henk wouters,?
heva,white wedding,byron beauty,koos scheurwater,?
hildegard,violetta,caerulea,?,?
hillery,?,?,?,?
holly,incarnata lorayne,kermesina,franz dülli / axel frank,2009
honeymoon,kermesina,gritensis,roland fischer,2004
hot shot,vitifolia,coccinea,cor laurens,1996
hubert vranken,incarnata,white star,raoul & patrizia vranken-smeets,2011
hullettii,invalid,karl koch,1871,?
hummingbird,princeps carioca,jutta,david costen,2009
ida,(caerulea aff. x oerstedii),aff. oerstedii,leopold sevcik,1996
ilonka,princeps,amethystina,?,?
imperatrice eugenie,alata,caerulea,c. lemaire,1858
impossible,incense,umbilicata,martine sanchez,2014
inca / red inca,?,?,?,?
incakerm,incarnata,kermesina,?,?
incamet,incarnata,amethystina,?,?
incantesimo,princeps,mucugeana,maurizio vecchia,?
incense,cincinnata,incarnata,robert knight,1975
incense daughter,incense,incarnata,david l. evans,?
indigo dreams,incense,caerulea,patrick worley,1996
innesii,syn.: decaisneana,?,w.p.m. innes,1873
innocence,selection of mathewsii,?,?,?
insignis,masters,1873,?,?
inspiration,tetraploid selection of incense,roland fischer,?,?
intention,incarnata,cincinnata (4n),igor lyannoy,?
intrigue,ampullacea,(tripartita var. mollissima x mixta),patrick worley,1996
inverleith,vitifolia,incarnata,andrew ensoll,?
iporanga,selection of loefgrenii,?,?,?
iralda,ben poiriers,?,?,?
irene,peter lawrence,cincinnata,ronald boender,2007
iridescence,((incense x byron beauty) x incarnata alba),incarnata,hal love,2015
iris,?,?,?,?
irma,amethyst,(incarnata x princeps),leopold sevcik,?
isis,?,?,eric wortman / chrystal stone,?
iubilaeum,incarnata,caerulea,maurizio vecchia,?
ivona,?,?,?,?
ivy waves,coriacea,suberosa,robert knight,2000
jala,?,?,?,?
jalouise,?,?,stefania mattiuzzo,?
jana,incarnata,caerulea,leopold sevcik,1995
jane lindsay,retipetala,incarnata,jane lindsay / john vanderplank,?
janus,amethystina minas gerais,(loefgrenii x caerulea),crystal stone / eric wortman,2011
jara,caerulea,purple haze,roland fischer,1998
jardin jungle,sweet surrender,caerulea,charles boulanger,2017
java,selection of laurifolia,robert knight / c.w. howell,1989,?
jayne t,capsularis,conzattiana,martin wills,2005
jeanette,amethyst,caerulea,patrick worley,1982
jeeny,cincinnata,caerulea constance eliott,leopold sevcik,1993
jelly joker,cincinnata,umbilicata,cor laurens,1999
jendayee,vitifolia,coccinea,sebastien sabureau,2010
jennifer grace,quadriglandulosa,poslae,ronald boender,2007
jhovi,?,?,?,?
joan marie,peter lawrence,cincinnata,ronald boender,2007
joanne,kermesina,actinia,shawn mattison,2015
jocelyne beroard,lilac sunset,princeps,sebastien sabureau,2014
john crow,subpeltata,pallens,martin wills,2004
john innes,quadrangularis,princeps,a.k. beckett,196?
john kidd,jorullensis,perfoliata,john vanderplank,2016
john knorr,edmundoi,amethystina minas gerais,arghya gardens,?
john spalding,?,?,?,?
jolana,(incarnata x princeps),caerulea,?,?
jolie,?,?,?,?
josefine,incarnata,caerulea,emil kugler,1995
joseph proctor,incarnata texas giant,caerulea constance eliott,hal love,?
jubilo,gritensis,sprucei,?,?
jules dierckx,incarnata,white star,raoul & patrizia vranken-smeets,2011
justina,bessy,caerulea,leopold sevcik,1996
justine lyons,star of bristol,purple haze,myles irvine,2004
jutta,umbilicata,tucumanensis,henk wouters,2003
kahuna,selection of edulis,?,patrick worley rick mccain,?
kaiserin eugenia,syn.: imperatrice eugenia,?,?,?
kanga,edulis,incarnata,david l. evans,?
kangason,selection of kanga,david l. evans,?,?
karen,parritae,antioquiensis,carlos ibarra,2016
karga,incense,incarnata,kj. showers,?
karen jacobsen,incarnata,lehmanii,rick mccain,1992
karla,cincinnata,?,leopold sevcik,1996
kate adie,tucumanensis,sprucei,john vanderplank,2001
kate roberts,sanguinolenta,capsularis,martin wills,2005
katherina,alata,quadrangularis,leopold sevcik,1993
kazi,incarnata,princeps,leopold sevcik,?
ken,guido van herck,?,?,?
kera,?,?,?,?
kermameth,kermesina,amethystina,?,?
kew gardens,syn.: kewensis,caerulea,kermesina,?
king willem alexander 6,subpeltata,gritensis,henk wouters,2001
klara,(tucumanensis x princeps),caerulea grandiflora,leopold sevcik,1996
klasonius,?,?,?,?
kliott,klara,caerulea constance eliott,raoul vranken,?
knight,selection of edulis,?,?,?
kudos,kew gardens,violacea,david costen,?
kunhuta,decaisneana,caerulea,leopold sevcik,?
kunigunde,?,?,leopold sevcik,1998
kursk star,alata,caerulea,alexei miroshnichenko,2019
laakdal,incarnata,white star,raoul & patrizia vranken-smeets,2011
labgirl,umbilicata,oerstedii var. choconiana,roland fischer,?
la brunella,kermesina,amethystina sancta tereza,maurizio vecchia,?
lacey,selection of edulis,?,?,?
lada,cincinnata,caerulea,leopold sevcik,1993
lady camille,thuraia,?,mark stratton,2008
lady cornelia everdina,garckei,caerulea avalanche,rob mcphail,2021
lady in red,lady margaret,vitifolia,henk wouters,2005
lady margaret,coccinea,incarnata,tim skimina,1996
la fenice,edmundoi (pink),caerulea pierre pomie,maurizio vecchia,?
lakdal,incarnata,white star,raoul vranken / patrizia vranken-smeets,?
la lucchese,fata confetto,kermesina,maurizio vecchia,2008
lambiekins,emil kugler,loefgrenii iporanga,myles irvine,2006
lamepiana,vitifolia,hatschbachii,aline pinto dos santos,2022
la morellina,asterix,amethystina minas gerais,maurizio vecchia,2007
la mortola,?,?,?,?
lana,kermesina,actinia,shawn mattison,2014
lana 2,kermesina,actinia,shawn mattison,2015
lanphiers stermer,selection of edulis,?,?,?
lapis lazuli,selection of p.caerulea,?,?,?
laranja,selection of P. parritae,?,carlos rendon,?
la reina maxima,miniata,alata,?,?
la serenissima,edmundoi,caerulea constance eliott,maurizio vecchia,?
la stravaganza,morning star,sprucei,maurizio vecchia,?
latifolia,invalid,syn.: decaisneana,?,?
la triestina,purple pendulum,white mirror,raoul vranjen / patrizia vranken-smeets,2011
laura,decaisneana,caerulea constance eliott,leopold sevcik,1998
laura torres,exoniensis,luzmarina,carlos ibarra,?
laurens laurens,purple rain,avalanche,cor laurens,2002
lavender lady,?,?,?,?
la venexiana,edmundoi,caerulea pierre pomie,maurizio vecchia,2007
lawsoniana,princeps,alata,masters,1868
lead hill,selection of P. incarnata,?,?,?
leida,incarnata,cincinnata (dark pollen),maurizio vecchia,2005
lemicheziii / lemischeziana,?,?,sir joseph paxton,1847
lena sc.,trifasciata,misera,andreas beck,2021
lia vallini,fata confetto,white star,raoul & patrizia vranken-smeets,2011
libuse,incarnata,princeps,leopold sevcik,1993
light blue,selection of caerulea,?,?,?
light crimson,?,?,?,?
lilac lady,caerulea,violacea,tresederss nurserie,1972
liliana,incarnata,cincinnata,jana heym,?
linda, invalid. existing species linda,?,?,?
lineasrosea,quadrangularis,caerulea,john vanderplank,1991
linnie ii,scarlet flame,incarnata alba,bob holzinger,2018
linz red ribbon,princeps,decaisneana,johann r. kienbichl,2004
lisa / liza,incarnata,princeps,leopold sevcik,?
little boy blue,davidii,caerulea,john vanderplank,2021
little coral,selection of jamesonii,?,?,?
little dot beardshaw,(amethyst x caerulea),caerulea,colin beardshaw,2005
little fairy tale,wilgen r. robertson,?,bettina ulmer,?
little orchid,guido van herck,?,?,?
livie,cincinnata,herbertiana,leopold sevcik,1997
lobo,apetala,ornithoura,patrick worley / rick mccain,?
lois lane,cincinnata,princeps,cor laurens,1994
lorayne,selection of incarnata,don martinson,?,?
loudonii,princeps,kermesina,c. lemaire,1847
louise,incarnata f. alba,princeps,graeme boocock,2021
louis-manuelii,?,?,?,?
love,edmundoi,caerulea,martine sanchez,2016
lovetta,kermesina,munzii,clay dove,2017
lowlands,syn.: warmlands,?,?,?
lucia,(amethyst beauty x eichleriana),?,leopold sevcik,1999
lucid,umbilicata,sidifolia,?,?
lucky lady,wilgen r. robertson,loefgrenii corupa,bettina ulmer,?
lucy o,(amethyst x caerulea),purple haze,christian offert,2009
lucy zara,conzattiana,citrina,martin wills,2004
ludmila,incarnata,princeps,leopold sevcik,1993
luise beton,fata confetto,beauty of hannover,robert dostal,2023
lukas,gritensis,tucumanensis,francois thuys,?
luna blanca,?,?,jana heym,?
lunametista,caerulea constance eliott,loefgrenii iporanga,maurizio vecchia,?
lydie,panda,caerulea,martine sanchez,2016
macae de cima,selection of amethystina,?,?,?
machou,jacques jannel,?,?,?
maeva larique,?,?,sebastien larique,?
mackenzie,greg cunningham,2001,?,?
mackintoshii,?,?,kew gardens,1931
macleischii,?,?,?,?
madame betsie greijmans,sanguinolenta,citrina,henk wouters,1998
madeira,selection of manicata,?,?,?
madeleine goumas,lucy zara,cobanensis,martin wills,2005
madlena,,byron beauty,aff. oerstedii,?
madonna,buonapartea,princeps,eduard otto,1873
mae,indigo dreams,caerulea,greg cunningham,?
maeva,amethyst,subpeltata,jean j. segalen,1998
maggie,caerulea,elizabeth,guido van herck,?
magic maiden,gritensis,kermesina,roland fischer,2004
maia,incense,caerulea pierre pomie,maurizio vecchia,?
maicaya,?,?,?,?
majorca,selection of caerulea,?,?,?
malena,amethyst,caerulea,franz dülli,?
maloya,edulis,edulis f. flavicarpa,?,?
mammoth purple granadilla,selection of edulis,?,?,?
mardi gras,janus,?,shawn mattison,?
manapany,byron beauty,temptation,j. segalen,?
manta,xiikzodz,coriacea,maurizio vecchia,?
mantega,manta,megacoriacea,rosali ziller,2010
mansai 1,miniata,?,fuchuan wu,2022
mansai 8,miniata,?,fuchuan wu,2022
mansai red,miniata,lady margaret,fuchuan wu,2021
mara love,?,?,antonio gil,?
maranda / miranda,?,?,?,?
marcela,incarnata,(incarnata x princeps),leopold sevcik,1996
marchelo,white mirror,caerulea constance eliott,marchelo castelano,2018
margaret my love,cocuyensis,connor cailean,rob mcphail,2023
margaret wilson,buonapartea,caerulea,john wilson,1899
maria,amethyst,caerulea constance eliott,guido van herck,1999
maria bach,retipetala,?,thomas fecke,2018
maria rosa,selection of sanguinolenta,?,?,?
marianna,inspiration,temptation,istvan molnar,2016
marianne timmer,cincinnata,pura vida,hendrik j. gommer,1999
marice,selection of amethystina,axel frank,?,?
marie,((amethystina x caerulea) x (amethystina x caerulea)),caerulea,patrick worley,1993
mariel,princeps,caerulea,?,?
marijke,decaisneana,caerulea,van der steeg,?
mario,aff. oerstedii,menispermifolia,i. reiber,?
marisa,violacea,caerulea constance eliott,frank haverkamp,2007
maristella,incarnata,kermesina,maurizio vecchia,2010
marlie,sanguinolenta,citrina,henk wouters,?
marloes,princeps,caerulea constance eliott,?,?
marmorata,selection of organensis,?,?,?
martinii,?,?,?,?
martin's magic,sanguinolenta,quinquangularis,martin wills,?
marselle,?,?,florence knock,1965
maryattae,?,?,?,?
mary jane,vitifolia,glandulosa,ronald boender,2001
mary rose,selection of sanguinolenta,?,?,?
matuzia,kermesina,hastifolia,maurizio vecchia,?
maurizio,incarnata,kermesina,sebastien sabureau,2014
mauro peixoto,selection of eichleriana,axel frank,2004,?
mauros mission,kermesina,loefgrenii iporanga,david costen,2007
mauve madness,oerstedii,caerulea,rick mccain,1996
mauvis mastics,princeps,caerulea,?,?
maxima,purple rain,caerulea constance eliott,cor laurens,2001
mayana,selection of caerulea,?,?,?
mayday,subpeltata,caerulea,paul zmoda,?
matti,blue horizon,gritensis,jana heym / shawn mattison,?
matuzia,kermesina,hastifolia,maurizio vecchia,?
mccain,selection of edulis,?,?,?
medallion,incarnata,actinia,rick mccain,1990
medium blue,selection of caerulea,?,?,?
merryon,selection of caerulea,?,?,?
michael,vitifolia,caerulea,?,?
michaela,coccinea,?,leopold sevcik,1996
michela vagli,star of clevedon,violacea,franco vagli,2021
micheline duniol,miniata,setacea,yvan vilain,2019
michelle noble,mixta,tripartita var. molissima,rick mccain,1984
militaris,?,?,masters,1899
milnes hybrida,princeps,caerulea,?,?
minai,aff. oerstedii,menispermifolia,?,?
minas gerais,selection of amethystina,?,?,?
mini lamb,purple haze,loefgrenii corupa,myles irvine,2006
minimaflora,selection of suberosa,?,?,?
mirabella,selection of P. incarnata,?,?,?
mirabile / mirabilis,alata,cincinnata,harry reimann,1997
miranda,decaisneana,caerulea,van der steeg,?
mission dolores,parritae,antioquiensis,carlos rendón,2008
mitternacht,loefgrenii,amethystina minas gerais,?,?
mme. dambreville,kew gardens,caerulea,?,?
mom,peter lawrence,quadriglandulosa,ronald boender,2007
mondrian red,nautilus,parritae,carlos ibarra,?
monika fischer,(incarnata x amethystina),(kermesina x caerulea),roland fischer,?
moonburst,trifasciata,sunburst,patrick worley,?
moonlight,clara luna,caerulea,annalisa giovannini,2017
monique klemann,decaisneana,caerulea,cor laurens,?
moritz,tarapotina,caerulea,ernst natt,2011
morning star,angelo blu,kermesina,henk wouters,2004
mrs. merton,?,?,?,?
mums gate,selection of jamesonii,?,?,?
muico,selection of edulis,?,?,?
munroi,alata,caerulea,masters,1868
murac,mucronata,princeps,franz dülli / axel frank,2009
murano,edmundoi (pink),caerulea constance eliott,maurizio vecchia,
mystery,tripartita var. mollissima,ampullacea,rick mccain,1994
nameless,tarapotina,mucronata,sebastien sabureau,2014
nancy garrison,selection of edulis,?,?,?
natalia,incarnata,rosacea,maurizio vecchia,2000
nautilus,exoniensis,umbilicata,carlos ibarra,?
nebula,incarnata,serratodigitata,richard mccain,1993
ned kelly,selection of edulis,?,?,?
nelly / nellie,princeps,st rule,?,?
nelly kelly,selection of edulis,syn.: australian purple,?,?
neptune,gibertii,subpeltata,john vanderplank,2007
neubertii,alata,caerulea,?,1881
neumannii,?,?,?,1838
new amethyst,kermesina,caerulea,?,?
new incense,incense,cincinnata,john vanderplank,1999
new moon,byron beauty,temptation,?,?
new tina,?,?,g. van herck,?
niagara,selection of trifasciata,?,peter bak,?
nicoletta,?,?,?,?
night fever,?,?,?,?
nightshift,galbana,princeps,henk wouters,2009
nils,kermesina,menispermifolia bolivia,mathias tobler / stefan rhyner,2008
nina,biflora,cuneata,leopold sevcik,1996
nocturn,amethyst,amethystina,rick mccain,1990
noels special,selection of edulis,?,?,?
noirceur,fata confetto,white wedding,marcel böhrer,?
nora,princeps,caerulea,leopold sevcik,?
norfolk,selection of edulis (white),?,?,?
nova star,star of kingston,caerulea,van der steeg,?
nube rosa,?,?,henk wouters,?
oaklandia,tarminiana,manicata,liz waterman,?
oaxaca,selection of helleri,?,?,?
odette,kermesina,miersii,maurizio vecchia,2007
odocavpa,?,?,?,?
oil field,syn.: vespertilio,?,ronald boender,?
ola mae,incarnata,jutta,hal love,?
oldfield gem,?,?,leopold sevcik,1996
olga,actinia,alata,jane lindsay,1997
olivie,caerulea constance eliott,(caerulea x amethyst),leopold sevcik,1996
onda blue,incarnata,barbora,maurizio vecchia,2000
opalescence,(kew gardens x caerulea constance eliott),caerulea constance eliott,david costen,2008
oriental sunset,aurantia,cinnabarina,henk wouters,?
orion,?,?,eric wortman / chrystal stone,?
ouropretano,selection of edulis,?,?,?
pablito,foetida,foetida var. nigelliflora,pablo posadas,2018
padre pio,annette,caerulea pierre pomie,raoul & patrizia vranken-smeets,2009
paganini,gibertii,incarnata,maurizio vecchia,2000
palomas delight,cobanensis,citrina,martin wills,2004
palomita rosada,tucumanensis,rosacea,christopher taube,2022
pamela jean,pura vida,amethystina minas gerais,samantha reynolds / jim nevers,2009
panama,selection of quadrangularis,?,?,?
panama gold,selection of edulis,?,?,?
panama red,selection of edulis,?,?,?
panda,monika fischer,white wedding,roland fischer,2006
pandora, syn. Stefano Capitanio,?,?,?
paola gastaldo,incarnata,sprucei,maurizio vecchia,2001
paraguay,selections of various species,?,?,?
patricie,colet,caerulea,leopold sevcik,1996
patty anne,amethystina,incarnata,?,?
patula,?,?,?,?
party animal,?,?,myles irvine,?
party time,platyloba,maliformis,jim nevers,?
pattie webb,white wedding,?,raoul vranken,?
paulo,edulis f. flavicarpa,caerulea,les king,2004
pavlina,kewensis,oerstedii,leopold sevcik,1996
paxtonii,princeps,alata,?,?
pearl of siam,soi fah,cincinnata (dark pollen),yvan vilain,2016
penny ann,edmundoi,loefgrenii,john vanderplank,2021
perfecta,selection of edulis,?,?,?
perfume,caerulea,gibertii,cor laurens,1992
perfume passion,alata,caerulea,?,?
peroba,selection of edulis,?,?,?
peter,coccinea,princeps,?,?
peter lawrence,vitifolia,glandulosa,ronald boender,2001
petra,incarnata,(violacea x caerulea),leopold sevcik,1996
pfordtii,invalid,alata,caerulea,1889
philippine,princeps,kermesina,wilhelm neubert,1851
pico de itapeva,selection of amethystina,?,?,?
pico do frade,selection of amethystina,?,?,?
pierre pomie,selection of caerulea,?,?,?
piet en marja colet,garckei,caerulea,john vanderplank,2016
pina,(temptation x temptation),(temptation x inspiration),stefania mattiuzzo,2017
pinanga,selection or variety of mixta,?,?,?
pinkarella,(arida x sublanceolata),sublanceolata,ethan nielsen,?
pink favorite,insignis,luzmarina,henk wouters,2007
pink festival,gritensis,amethystina,henk wouters,2005
pink fizz,kew gardens,tucumanensis,david costen,2008
pink jessie,(sanguinolenta x capsularis),conzattiana,martin wills,2004
pink jewel,foetida var. hirsutissima,palmeri var. sublanceolata,john vanderplank,2001
pink lady,incarnata,princeps,raoul vranken,?
pink passion,commercial name of wilgen k. verhoeff,?,?,?
pink polkadot,pink jewel,aurora,john vanderplank,2004
pink nightmare,subpeltata,gritensis,?,?
pink panther,selection of tripartita var. mollissima,daniel southard,2004,?
pink pride,rosa stern,gritensis,henk wouters,2000
pink pride 3,rosa stern,gritensis,henk wouters,2000
pink promenade,trisecta,mixta,rick mccain,1990
pink seduction,(asterix x subpeltata),gritensis,henk wouters,?
pink star,princeps,caerulea constance eliott,cor laurens,?
pinky,exoniensis,mixta,henk wouters,2007
pintado,selection of edulis,?,?,?
pippin,rattana,edulis f. flavicarpa,yvan vilain,2016
piresii / piresae,quadrifaria,vitifolia,john vanderplank,1996
pixie,?,?,eric wortman / chrystal stone,?
plavalaguna,byron beauty,temptation,istvan molnar,2016
plum pudding,cherry tart,aff. candollei,?,?
plum shadow,byron beauty,?,ethan nielsen,2015
polaris,?,?,l.a. king,2010
pole star,iridescence,odette,graeme boocock,2017
polly molly,citrina,conzattiana,martin wills,2005
poppet,white wedding,mini lamb,myles irvine,2008
porphyretica,syn.: oerstedii var. choconiana,?,?,?
poseidon,?,?,eric wortman / chrystal stone,?
possum purple,selection of edulis,?,?,?
postman,caerulea,oerstedii var. choconiana,martin wills,2004
pratt hybrid,selection of edulis,?,?,?
precioso,macrocarpa,alata,henk wouters,2004
pretty ballerina,phoenicea,actinia,rick mccain,1989
pretty tina,tarapotina,caerulea,martin drews,?
princeps-coccinea,coccinea,princeps,william b. storey,?
princesse hollande,?,?,?,?
priscilla,palmeri var. sublanceolata,foetida var. foetida,margarete m. souza,2008
professor eichler,loudonii,princeps,haage & schmidt,?
pruney,violacea,caerulea,shawn mattison,?
puerto rico,selection of rubra,?,?,?
pura vida 1,amethyst,princeps,silvan kamstra,1996
pura vida 2,amethyst,princeps,silvan kamstra,1996
purple companion,morning star,amethystina são sebastião,henk wouters,2007
purple flame,incarnata,caerulea,christopher taube,2018
purple gem,selection of edulis,?,?,?
purple giant,selection of edulis,?,?,?
purple haze,amethystina,caerulea,cor laurens,1995
purple-heart,amethystina são sebastião,amethystina,john vanderplank,2005
purple passion,?,?,?,1972
purple pendulum,loefgrenii,caerulea,jos spierenburg,?
purple rain,amethystina,caerulea,cor laurens,1996
purple tiger,phoenicea,quadrangularis,patrick worley,1996
quasar / quazar,caerulea constance eliott,pallens,patrick worley,?
queen beatrix,subpeltata,gritensis,?,?
queen guinevere,semiciliosa,menispermifolia,rob mcphail,2022
r1-2,incarnata maryland,jutta,igor lyannoy,?
r2-5,((incense x byron beauty) x incarnata alba),incarnata,hal love,?
radka,maliformis,?,leopold sevcik,1996
rambam,belotii,caerulea,sandra prais,2014
ranke fuer anke,amethystina minas gerais,tarapotina,ernst natt,2011
raphaël d-j,pura vida 1,lilac sunset,sebastien sabureau,2014
raspberries and cream,subpeltata,gritensis,roland fischer / mark cooper,?
raspberry strudel,annette,incarnata,?,?
rattana,edulis red panama,edulis f. flavicarpa,yvan vilain,2014
rauhnacht,mooreana,colvillii,thomas schneider,?
red bird,coral glow,manicata,patrick worley / rick mccain,?
red barron,john maloski,?,?,?
red cloud,(amethyst x princeps),gritensis,roland fischer,?
red dwarf,cuprea,?,simon schulz,2004
red emperor,?,?,?,?
red fury,princeps,quadriglandulosa,carlos magdalena,2010
red giant,selection of edulis,?,?,?
red inca,coccinea,incarnata,cor laurens,1996
red infinity,aurantia,cinnabarina,henk wouters,2000
red passion,commercial name for princeps in the uk,?,?,?
red rover,brazilian gold,kahuna,patrick worley / rick mccain,?
redondo,selection of edulis,?,?,?
regina,(amethyst beauty x caerulea constance eliott),oerstedii,leopold sevcik,1996
regnellii,selection of caerulea,?,masters,1872
rinconata,cincinnata,caerulea constance eliott,sally pert,2007
rita,princeps,kewensis,guido van herck,?
robertii,insignis,antioquiensis,masters,1875
robin,?,?,?,?
rochelle,platyloba,incarnata,patrick worley / rick mccain,?
roedie,cincinnata,pura vida,hendrik j. gommer,1991
roobas,miersii,loefgrenii corupa,robert mcphail,2014
rook li,?,?,?,?
rosachiara,angelo blu,phoenicea,maurizio vecchia,?
rosa dellalba,sublanceolata,foetida var. hispida,maurizio vecchia,?
rosamarie,simpin,loefgrenii corupa,maite chico padron,2007
rosaspina,arabesque,urbaniana,maurizio vecchia,?
rosa stern,star of mikan,subpeltata,van der steeg,?
rosa traum,coccinea,caerulea constance eliott,monika gottschalk,1991
rosea,pinnatistipula,tripartita var. molissima,h. karsten,1856
rosea,princeps,caerulea,?,?
rosemary,?,?,?,?
rossana,angelo blu,phoenicea,maurizio vecchia,?
round fruit,selection of rubra,?,?,?
rowena,?,?,?,?
royale,macrocarpa,quadrangularis,ronald boender,2007
rubi,manicata,mollissima,jana heym,?
ruby glow,selection of phoenicea,?,patrick worley,?
runt,incarnata maryland,jutta,hal love,?
runway,selection of helleri,?,?,?
sabin,princeps,caerulea,monika gottschalk,1991
santa tereza,selection of amethystina,?,?,?
sarah rachel,(kermesina x (loefgrenii x caerulea)),caerulea constance eliott,shawn mattison,2014
saint jean cap ferrat,?,?,?,?
saint julien,incarnata,caerulea,?,?
saint paul,?,?,?,?
saint rule,subpeltata,buonapartea,john wilson,190?
sammie b,pink jessie,lucy zara,martin wills,2005
sancap,sanguinolenta,capsularis,leopold sevcik,?
sandra,incarnata,oerstedii var. choconiana,leopold sevcik,1996
san francisco,syn.: golden gate,selection of mixta,?,?
sangwellii,?,?,?,?
san marco,edmundoi (pink),caerulea,maurizio vecchia,?
são sebastião,selection of amethystina,?,?,?
sapelo,selection of lutea,dan long,2011,?
sapphire,edulis f. flavicarpa,?,john vanderplank,1996
sarah,cincinnata,miniata,ronald boender,?
sarah aimee,foetida,urbaniana,john vanderplank,2000
sarapito,white wedding,caerulea emil kugler,maite chico padron,2007
sarka,?,?,?,?
scarlet,selection of manicata,?,?,?
scarlet flame,selection of vitifolia,0,kartuz greenhouses,1984
schalker siegestaumel,tinalandia,darina,?,?
schöne von imantag,selection of tripartita var. mollissima,?,?,?
schroederiana,alata,loudonii,j. a. schroeder,1845
schropeana,?,?,?,?
schroopeana,selection of caerulea,?,?,?
scotti,?,?,?,?
scribble,cincinnata,gibertii,maurizio vecchia,2000
senta,amethyst beauty,eichleriana,leopold sevcik,1993
serena,angelo blu,phoenicea,maurizio vecchia,2001
serenity,star of bristol,?,john vanderplank,2006
sevcik selection,selection of edulis,?,john vanderplank,1996
shannon,alata,?,?,?
sharka,oerstedii,decaisneana,leopold sevcik,1993
shelly,amethyst,caerulea,henk wouters,?
shemsa,intraspecific hybrid of foetida,?,?,?
shirley,amethyst beauty,eichleriana,leopold sevcik,1993
showy shadow,violetta,caerulea,bettina ulmer,?
sibilla,gaia,princeps buzios,maurizio vecchia,?
silly cow,syn.: damsel's delight,?,myles irvine,?
silver sabre,selection of lutea,?,?,?
silver sword,selection of lutea,?,?,?
silvie,caerulea,puple haze,henk wouters,1998
simpin,caerulea,amethystina,silvan kamstra,?
simply red,caerulea,amethystina,cor laurens,2000
singularity,incarnata,mooreana,eric wortman,?
sirus,selection of amethystina,?,axel frank,?
si simona,purple haze,simply red,cor laurens,?
sjana,coccinea / miniata,incarnata,?,?
skinneri,?,?,?,?
skywalker,kermesina,loefgrenii corupa,bettina ulmer,?
smelly,kewensis,retipetala,?,?
smithiana,manicata,tripartita var. molissima,masters,1891
snowflake,citrina,cobanensis,martin wills,2004
snow queen,?,?,myles irvine,?
snow white,(caerulea x amethyst),sapphire,john thompson,2003
soi fah,caerulea / incarnata (?),laurifolia (?),?,?
solange,peter lawrence,piresae,ron boender,2007
solène,vitifolia,incarnata,alain tan / sebastien sabureau,2011
solferino,exoniensis,parritae,carlos ibarra,?
sonia,clear sky,caerulea constance eliott,roland fischer / francisco j. diez,2004
sonja dülli,vitifolia,incarnata alba,franz dülli,2009
sophie d-j,murac,tarapotina,sebastien sabureau,2014
spider,incarnata,barbora,maurizio vecchia,?
sprinkle rain,blaumilch,gritensis,henk wouters,2005
spyder,selection of caerulea,?,patrick worley / rick mccain,1993
starlight,alata,caerulea,stefan lang,2004
stefano capitanio,fata confetto,edmundoi (pink),maurizio vecchia,?
st. john cap ferrat,syn.: saint john cap ferrat,?,?,?
st. julien,incarnata,caerulea,?,?
st. paul,?,?,?,?
st. rule,syn.: saint rule,?,?,?
star of berlin,princeps,edmundoi,andreas bäurle,2015
star of bristol,amethyst,caerulea constance eliott,john vanderplank,1984
star of clevedon,amethyst,caerulea constance eliott,john vanderplank,1984
star of evening,princeps,mucronata,john vanderplank,2009
star of jerusalem,amethyst,?,sandra prais,2011
star of kent,amethyst,caerulea,david costen,2008
star of kingston,amethyst,caerulea constance eliott,john vanderplank,1984
star of mikan,syn.: lavender lady,?,?,?
star of rehavia,amethyst,?,sandra prais,2011
star of surbiton,star of bristol,purple haze,myles irvine,2002
steining,?,?,?,?
stella de pezilla,murac,galbana,sebastien sabureau,2014
stella di cremona,violacea,caerulea constance eliott,maurizio vecchia,1997
stella di montignoso,star of clevedon,caerulea,franco vagli,2018
stern von bethlehem,selection of coccinea,?,?,?
stewardsiana,?,?,?,?
stockumer rot,not registered,princeps,decaisneana,?
stoutemeirss strain,selection of suberosa,?,?,?
stradivarius,murucuja,cuprea,maurizio vecchia,2001
strawberry and cream,colet,amethystina,stefan lang,2007
striker,phoenicea,princeps,patrick worley / rick mccain,1996
strybing,selection of mixta,?,?,?
strybing pink,parritae,tripartita var. molissima,don mahoney,2009
strybing red,antioquiensis,tripartita var. molissima,greg cunningham,?
suave,eichleriana,garckei,henk wouters,2009
sulita,ornithoura,boenderi,jorge ochoa,2010
summer blush,lady margaret,vitifolia,henk wouters,2005
sunburst,gilbertiana,jorullensis,patrick worley,1984
suncap,syn.: sancap,?,?,?
sundance,(caerulea x amethyst),sapphire,john thompson,2003
sunfire,sunburst,cuprea,anke hackert,2010
superba,invalid,selection of alata,1852,?
supernova,selection of incarnata,0,ethan nielsen,2015
supreme,selection of edulis,?,?,?
surprise,actinia,caerulea constance eliott,bettina ulmer,1999
susan brigham,tripartita var. mollissima,mixta,patrick worley,1984
susan joy,piresae,?,ron boender,2007
susanne,caerulea,star of clevedon,?,?
sweet allure,(mixta x manicata),tripartita var. molissima,patrick worley,1987
sweetleaf,vitifolia,incarnata,david costen,1995
sweepur,selection of edulis,?,?,?
sweet surrender,garckei,kermesina,henk wouters,2005
swingtime,pura vida,amethystina são sebastião,henk wouters,2004
tacsonia lavender,invalid,?,?,?
tangerine cream,apetala,jorullensis,patrick worley / rick mccain,1996
tango,star of surbiton,loefgrenii iporanga,shawn mattison,2014
tango 2,star of surbiton,loefgrenii iporanga,shawn mattison,2015
tara dawn,selection of P. incarnata,?,?,?
taza,amethyst,?,jacques jannel,?
telstar,caerulea,(caerulea x princeps),?,?
temptation,incarnata,cincinnata,roland fischer,1999
tequila sunrise,kew gardens,violacea,david costen,?
tereza,leopold sevcik,1996,?,?
teta,incarnata,princeps,leopold sevcik,1993
theophiliana,?,?,?,?
the spirit of the sea,violacea,caerulea,fuchuan wu,2021
thessa,pura vida,garckei,?,?
thuraia,kermesina,miersii,mauro peixoto,2004
tiara,kermesina,sidifolia,masaki yamagata,2005
tiger stripes,alata,quadrangularis,?,?
tiffani,incarnata lorayne,kermesina,roland fischer,2004
timben,(capsularis vanilla cream x conzattiana),citrina,julia k. böndel,2009
tinalandia,edulis f. flavicarpa,incarnata,patrick worley,1993
tiny tears,selection of suberosa,?,?,?
tough thomas,fata confetto,incarnata,robert dostal,2023
trauf,"complex hybrid of manicata, trisecta & umbilicata",?,?,?
tresederi,caerulea,princeps,tresederss nurserie,1972
tropical showers,blaumilch,gritensis,henk wouters,2005
turkey foot,syn.: tricuspis,?,?,?
twinkle star,(star of mikan x caerulea),caerulea,van der steeg,?
twin star,violacea,princeps,henk wouters,2004
twisted sister,temptation,byron beauty,vicki townsend,2010
uli,francois thuys,?,?,?
university,selection of edulis,?,?,?
uraniae,incarnata,caerulea,?,?
urchin,panda,loefgrenii iporanga,shawn mattison,2014
uxpana,leopold sevcik,?,?,?
valentine,temptation,?,sebastien sabureau,2010
valerie bishop,violacea victoria,caerulea,trevor bishop,2005
vanessa,luzmarina,loefgrenii corupa,michael graupe,2015
vanilla,selection of antioquiensis,0,silva tunkl,1989
vanilla cream,selection of capsularis,0,patrick worley,1984
varanzof,élie-abel carriere,1872,?,?
velvet beauty,violacea,caerulea,angelika schwarzwald,?
venus,amethyst,caerulea,maurizio vecchia,?
vera,(caerulea x oerstedii),caerulea,leopold sevcik,1996
verrucifera,possibly own species / variety of edulis,?,?,?
vibrant pink,antioquiensis,tripartita var. molissima,greg cunningham,?
vicky,kewensis,princeps,guido van herck,?
victoria,selection of violacea,?,?,?
viden,princeps,caerulea,leopold sevcik,?
vilma,tucumanensis,princeps,leopold sevcik,?
vincent,mooreana,caerulea pierre pomie,nadine van rüschen,2020
viola,syn.: violetta,?,?,?
violacea,princeps / caerulea,caerulea / princeps,?,1824
violet selection,selection of amethyst,bettina ulmer,?,?
violet star,violacea,caerulea constance eliott,monika gottschalk,1991
violetta,caerulea,oerstedii var. choconiana,leopold sevcik,1999
vivacemente,incarnata alba,cincinnata (dark pollen),maurizio vecchia,?
vivis,?,?,?,?
vladena,cincinnata,caerulea,leopold sevcik,1996
vlasta,incarnata,princeps,leopold sevcik,1993
volcano,mary jane,?,ron boender,2007
waterlemon,?,?,?,?
warmlands,variety of quadrangularis,?,?,?
watermelon leaf,selection of cuspidifolia,?,?,?
white lightning,probably protected,selection of caerulea,stephen and susan yandall,?
white mirror,white wedding,caerulea emil kugler,henk wouters,?
white queen,caerulea constance eliott,eichleriana,henk wouters,2004
white star,caerulea,?,guido van herck,?
white wedding,caerulea constance eliott,eichleriana,roland fischer / henk wouters,2004
wil,coccinea,princeps,?,?
wild brazil,selection of caerulea,?,?,?
wilgen heintje,princeps,alata,piet moermann,?
wilgen hennie,princeps,alata,piet moermann,?
wilgen k. verhoeff,insignis,mixta,piet moermann,?
wilgen marieke,incarnata,amethystina,piet moermann,?
wilgen r. robertson,insignis,mixta,piet moermann,?
winterland,white wedding,caerulea emil kugler,henk wouters,2007
wippel,princeps,caerulea constance eliott,?,?
witchcraft,?,?,patrick worley,?
woodhatch hybrid,?,?,haywood / masters,1888
xishuangbanna red,miniata,miniata,fuchuan wu,2019
xiyuan red,miniata,lady margaret,fuchuan wu,2021
yakima,amethystina,loefgrenii corupa,?,?
yalinga,amethystina,loefgrenii corupa,?,?
yee selection ,selection of edulis,?,?,?
yellow seedlings,selection of edulis,?,?,?
yola,wilgen marieke,loefgrenii corupa,?,?
yuki,violacea victoria,mucronata,masaki yamagata,2009
yvonne baron,amethyst,?,jacques jannel,?
zefira,odette,kermesina,maurizio vecchia,2010
zhuangyuan red,miniata,?,fuchuan wu,2021
zita,colet,?,leopold sevcik,1996
ziying,serrulata,maliformis,fuchuan wu,2021
zlata,sancap,citrina,leopold sevcik,1996
zofie,(amethyst x caerulea),gibertii,leopold sevcik,?
zophie,maurizio vecchia,?,?,?
12941,princeps,caerulea grandiflora,?,?
13971,coccinea / miniata,incarnata,?,?
14971,coccinea / miniata,incarnata,?,?
19932,coccinea / miniata,incarnata,?,?
21932,viden,caerulea,?,?
49961,princeps,caerulea,?,?
61961,"complex hybrid of princeps, tucumanensis & caerulea",?,?,
8485?6,amethyst,caerulea,john vanderplank,1984
848512,amethyst,caerulea,john vanderplank,1984
848533,amethyst,caerulea,john vanderplank,1984
86871?7,(amethyst x caerulea),caerulea,john vanderplank,1986
